model,group,A,B,E,F,N
QLearning+novel,chronic pain,81.5,77.0,31.5,8.0,50
QLearning+novel,chronic pain,95.0,66.5,43.5,2.0,35
QLearning+novel,chronic pain,96.5,73.5,28.0,3.5,43
QLearning+novel,chronic pain,94.0,64.0,41.0,3.0,42
QLearning+novel,chronic pain,72.5,68.0,47.5,27.0,21
QLearning+novel,chronic pain,78.0,53.5,49.5,31.0,25
QLearning+novel,chronic pain,79.0,59.5,33.5,20.5,59
QLearning+novel,chronic pain,67.5,56.5,49.0,30.0,41
QLearning+novel,chronic pain,76.0,63.0,56.0,11.0,36
QLearning+novel,chronic pain,89.5,70.0,42.0,15.5,16
QLearning+novel,chronic pain,97.0,57.5,31.0,1.0,70
QLearning+novel,chronic pain,90.5,71.0,23.0,24.0,32
QLearning+novel,chronic pain,82.5,59.5,38.5,15.0,54
QLearning+novel,chronic pain,87.0,80.5,23.0,12.0,42
QLearning+novel,chronic pain,87.5,66.0,31.0,9.0,57
QLearning+novel,chronic pain,69.5,63.5,55.5,19.5,32
QLearning+novel,chronic pain,86.5,57.0,42.0,17.0,42
QLearning+novel,chronic pain,94.0,68.0,38.0,3.0,40
QLearning+novel,chronic pain,94.0,72.0,47.0,4.5,15
QLearning+novel,chronic pain,57.5,48.0,48.5,50.0,39
QLearning+novel,chronic pain,57.0,60.5,52.0,38.5,33
QLearning+novel,chronic pain,87.5,75.5,33.0,14.0,29
QLearning+novel,chronic pain,94.0,74.5,43.5,1.5,22
QLearning+novel,chronic pain,95.0,69.5,37.0,2.0,40
QLearning+novel,chronic pain,83.0,51.5,40.5,15.0,64
QLearning+novel,chronic pain,95.0,65.5,35.0,6.0,43
QLearning+novel,chronic pain,68.5,66.0,41.5,31.0,35
QLearning+novel,chronic pain,87.5,77.5,40.0,8.5,22
QLearning+novel,chronic pain,96.5,68.5,43.0,7.0,20
QLearning+novel,chronic pain,92.0,59.0,36.5,10.5,50
QLearning+novel,chronic pain,83.0,70.5,56.5,4.5,20
QLearning+novel,chronic pain,76.5,54.5,43.5,37.0,27
QLearning+novel,chronic pain,93.0,68.0,48.0,13.5,7
QLearning+novel,chronic pain,87.5,74.5,42.5,13.5,15
QLearning+novel,chronic pain,78.5,68.0,49.5,27.5,5
QLearning+novel,chronic pain,84.0,63.5,49.5,8.5,36
QLearning+novel,chronic pain,95.0,65.5,32.5,6.5,47
QLearning+novel,chronic pain,84.0,50.0,34.5,8.5,86
QLearning+novel,chronic pain,67.0,66.5,57.5,18.0,30
QLearning+novel,chronic pain,79.5,48.0,45.0,34.0,36
QLearning+novel,chronic pain,87.5,68.5,42.5,21.0,12
QLearning+novel,chronic pain,81.0,52.0,47.5,33.0,22
QLearning+novel,chronic pain,81.5,68.0,35.5,9.5,55
QLearning+novel,chronic pain,89.5,61.5,27.5,6.5,72
QLearning+novel,chronic pain,82.5,50.0,46.5,14.5,59
QLearning+novel,chronic pain,81.5,61.0,38.0,15.5,52
QLearning+novel,chronic pain,79.5,51.0,36.5,12.5,82
QLearning+novel,chronic pain,64.5,52.5,53.0,47.5,16
QLearning+novel,chronic pain,82.5,62.5,42.0,11.5,50
QLearning+novel,chronic pain,99.0,62.0,40.0,7.5,32
QLearning+novel,chronic pain,97.5,60.5,48.5,10.0,17
QLearning+novel,chronic pain,96.5,48.5,44.5,1.0,63
QLearning+novel,chronic pain,83.0,43.5,47.0,19.5,58
QLearning+novel,chronic pain,93.0,49.5,48.5,16.0,34
QLearning+novel,chronic pain,70.5,57.5,45.5,29.0,42
QLearning+novel,chronic pain,51.0,47.5,46.0,34.5,82
QLearning+novel,chronic pain,84.5,78.5,38.5,12.0,22
QLearning+novel,chronic pain,97.0,62.5,29.0,1.0,64
QLearning+novel,chronic pain,95.0,71.0,45.5,1.5,25
QLearning+novel,chronic pain,55.0,52.0,51.0,42.5,46
QLearning+novel,chronic pain,87.0,64.0,32.0,14.5,51
QLearning+novel,chronic pain,91.0,60.0,36.0,12.0,47
QLearning+novel,chronic pain,93.5,75.0,41.0,0.5,30
QLearning+novel,chronic pain,77.5,62.0,37.0,15.0,61
QLearning+novel,chronic pain,65.5,73.5,44.5,29.5,25
QLearning+novel,chronic pain,97.5,50.0,47.0,3.0,50
QLearning+novel,chronic pain,88.5,55.5,33.0,39.0,18
QLearning+novel,chronic pain,97.0,63.0,44.5,3.0,32
QLearning+novel,chronic pain,97.5,65.0,28.5,1.0,60
QLearning+novel,chronic pain,72.0,58.0,51.0,27.0,33
QLearning+novel,chronic pain,90.0,61.5,33.0,3.0,68
QLearning+novel,chronic pain,65.0,57.5,38.5,20.5,80
QLearning+novel,chronic pain,85.0,48.5,45.5,16.5,56
QLearning+novel,chronic pain,93.5,68.5,47.5,10.0,12
QLearning+novel,chronic pain,77.0,42.0,52.5,23.5,56
QLearning+novel,chronic pain,93.0,46.0,44.0,10.5,58
QLearning+novel,chronic pain,89.5,62.0,39.0,23.5,22
QLearning+novel,chronic pain,95.5,70.5,43.0,2.5,27
ActorCritic+novel,chronic pain,93.5,35.5,68.0,2.0,48
ActorCritic+novel,chronic pain,94.5,50.0,54.0,6.0,38
ActorCritic+novel,chronic pain,98.0,64.0,40.0,1.0,41
ActorCritic+novel,chronic pain,97.0,62.5,34.5,9.0,40
ActorCritic+novel,chronic pain,82.5,19.5,87.0,32.0,8
ActorCritic+novel,chronic pain,85.0,48.5,59.5,21.5,19
ActorCritic+novel,chronic pain,71.0,43.0,56.0,22.5,59
ActorCritic+novel,chronic pain,76.0,27.5,84.0,27.0,20
ActorCritic+novel,chronic pain,89.0,40.0,68.0,14.0,27
ActorCritic+novel,chronic pain,90.0,57.5,57.0,15.0,12
ActorCritic+novel,chronic pain,97.5,49.5,36.5,2.5,71
ActorCritic+novel,chronic pain,87.0,63.0,47.0,21.5,14
ActorCritic+novel,chronic pain,80.0,36.0,60.0,18.0,57
ActorCritic+novel,chronic pain,88.5,71.5,39.5,6.5,35
ActorCritic+novel,chronic pain,92.0,53.0,37.5,10.5,58
ActorCritic+novel,chronic pain,86.0,20.0,82.0,15.0,40
ActorCritic+novel,chronic pain,81.0,44.0,57.0,19.5,42
ActorCritic+novel,chronic pain,96.5,36.5,57.5,4.5,55
ActorCritic+novel,chronic pain,97.0,57.5,58.0,2.0,21
ActorCritic+novel,chronic pain,71.0,39.5,60.0,34.5,38
ActorCritic+novel,chronic pain,71.5,39.0,49.0,38.5,50
ActorCritic+novel,chronic pain,91.5,73.5,43.0,5.0,25
ActorCritic+novel,chronic pain,70.0,30.0,84.0,32.5,17
ActorCritic+novel,chronic pain,95.0,68.0,40.0,1.0,40
ActorCritic+novel,chronic pain,82.0,30.0,34.0,41.0,69
ActorCritic+novel,chronic pain,97.0,51.0,41.5,12.0,43
ActorCritic+novel,chronic pain,80.0,42.5,65.0,25.5,25
ActorCritic+novel,chronic pain,90.5,69.0,44.0,11.0,21
ActorCritic+novel,chronic pain,95.5,63.0,46.0,12.5,17
ActorCritic+novel,chronic pain,85.0,52.5,46.5,11.5,54
ActorCritic+novel,chronic pain,84.0,27.5,82.0,30.5,4
ActorCritic+novel,chronic pain,75.0,43.5,58.0,37.0,22
ActorCritic+novel,chronic pain,97.0,60.0,51.5,12.0,10
ActorCritic+novel,chronic pain,93.0,67.0,44.5,11.5,19
ActorCritic+novel,chronic pain,80.0,51.0,56.0,26.5,23
ActorCritic+novel,chronic pain,91.0,24.0,72.0,18.5,36
ActorCritic+novel,chronic pain,93.5,63.5,32.0,8.5,50
ActorCritic+novel,chronic pain,56.5,32.5,71.0,17.0,86
ActorCritic+novel,chronic pain,87.0,39.0,70.5,17.5,22
ActorCritic+novel,chronic pain,83.0,49.0,43.0,32.5,33
ActorCritic+novel,chronic pain,89.0,32.0,72.5,18.0,26
ActorCritic+novel,chronic pain,63.5,51.0,59.5,42.0,17
ActorCritic+novel,chronic pain,89.0,10.0,67.5,29.0,54
ActorCritic+novel,chronic pain,87.0,62.5,30.5,2.0,78
ActorCritic+novel,chronic pain,82.0,47.5,57.0,12.5,48
ActorCritic+novel,chronic pain,81.0,33.5,64.5,15.5,56
ActorCritic+novel,chronic pain,77.5,43.5,49.0,9.5,82
ActorCritic+novel,chronic pain,64.0,35.0,70.0,44.5,22
ActorCritic+novel,chronic pain,96.0,30.5,60.5,12.5,46
ActorCritic+novel,chronic pain,97.0,55.5,55.0,3.5,27
ActorCritic+novel,chronic pain,97.0,51.5,58.0,10.5,17
ActorCritic+novel,chronic pain,96.5,32.5,56.5,2.0,67
ActorCritic+novel,chronic pain,88.0,35.5,54.0,17.5,55
ActorCritic+novel,chronic pain,85.0,28.5,79.5,18.0,29
ActorCritic+novel,chronic pain,75.0,55.5,40.5,33.5,38
ActorCritic+novel,chronic pain,64.0,34.0,55.5,35.0,66
ActorCritic+novel,chronic pain,98.0,59.0,49.0,7.0,22
ActorCritic+novel,chronic pain,97.5,58.5,36.0,1.5,58
ActorCritic+novel,chronic pain,94.0,40.0,67.5,3.0,38
ActorCritic+novel,chronic pain,65.0,42.5,65.5,31.5,38
ActorCritic+novel,chronic pain,87.5,46.0,52.0,13.0,48
ActorCritic+novel,chronic pain,98.5,29.0,58.5,6.5,60
ActorCritic+novel,chronic pain,97.5,65.0,47.0,0.5,29
ActorCritic+novel,chronic pain,82.5,48.0,58.5,10.0,47
ActorCritic+novel,chronic pain,67.5,68.0,44.0,28.5,33
ActorCritic+novel,chronic pain,95.0,35.0,55.5,9.0,56
ActorCritic+novel,chronic pain,86.5,36.0,71.0,26.0,11
ActorCritic+novel,chronic pain,96.0,59.0,52.5,0.5,33
ActorCritic+novel,chronic pain,97.0,60.5,36.5,1.5,55
ActorCritic+novel,chronic pain,60.5,23.0,76.0,45.0,39
ActorCritic+novel,chronic pain,93.0,46.5,49.5,1.0,64
ActorCritic+novel,chronic pain,83.0,16.5,67.0,14.0,80
ActorCritic+novel,chronic pain,79.0,19.5,78.0,20.0,54
ActorCritic+novel,chronic pain,95.0,56.0,60.0,4.0,18
ActorCritic+novel,chronic pain,77.0,55.5,54.0,11.0,51
ActorCritic+novel,chronic pain,92.0,43.5,53.5,5.0,57
ActorCritic+novel,chronic pain,76.5,45.5,86.5,19.0,0
ActorCritic+novel,chronic pain,95.5,68.0,41.5,3.5,32
Relative+novel,chronic pain,97.0,30.5,68.5,4.5,45
Relative+novel,chronic pain,98.5,53.5,57.0,0.5,30
Relative+novel,chronic pain,98.0,67.5,36.5,2.0,39
Relative+novel,chronic pain,96.5,65.0,37.5,5.0,38
Relative+novel,chronic pain,88.0,25.0,82.5,27.0,7
Relative+novel,chronic pain,86.0,37.0,62.5,33.5,13
Relative+novel,chronic pain,77.0,48.5,46.0,18.0,65
Relative+novel,chronic pain,79.0,26.5,74.0,27.5,34
Relative+novel,chronic pain,87.0,26.0,79.5,12.0,39
Relative+novel,chronic pain,88.0,64.0,49.0,14.5,20
Relative+novel,chronic pain,96.0,52.5,35.5,0.5,73
Relative+novel,chronic pain,88.5,52.5,63.5,18.5,7
Relative+novel,chronic pain,81.5,56.5,50.0,12.0,45
Relative+novel,chronic pain,89.0,64.0,40.5,12.5,37
Relative+novel,chronic pain,95.0,54.5,37.5,6.5,57
Relative+novel,chronic pain,75.5,48.0,80.0,5.5,30
Relative+novel,chronic pain,85.0,64.0,41.0,12.0,43
Relative+novel,chronic pain,97.0,36.0,54.5,15.0,42
Relative+novel,chronic pain,97.0,56.5,58.5,4.0,18
Relative+novel,chronic pain,64.5,48.0,51.5,46.0,30
Relative+novel,chronic pain,59.5,45.5,60.5,38.5,39
Relative+novel,chronic pain,90.0,75.5,39.0,4.5,29
Relative+novel,chronic pain,100.0,57.0,56.5,0.0,25
Relative+novel,chronic pain,95.0,69.0,34.5,2.5,43
Relative+novel,chronic pain,85.0,44.0,30.0,34.5,57
Relative+novel,chronic pain,91.5,64.0,30.5,11.0,51
Relative+novel,chronic pain,86.0,47.5,61.5,15.0,29
Relative+novel,chronic pain,93.0,70.5,38.5,12.0,21
Relative+novel,chronic pain,96.5,67.5,45.0,8.0,16
Relative+novel,chronic pain,87.5,65.5,38.5,10.0,43
Relative+novel,chronic pain,85.0,49.5,74.0,2.5,27
Relative+novel,chronic pain,80.5,51.5,58.0,29.5,13
Relative+novel,chronic pain,92.5,64.5,51.0,16.5,4
Relative+novel,chronic pain,91.5,69.5,49.0,6.5,16
Relative+novel,chronic pain,77.5,57.0,46.0,41.5,9
Relative+novel,chronic pain,83.5,28.5,83.0,12.0,34
Relative+novel,chronic pain,93.0,59.0,30.5,8.0,63
Relative+novel,chronic pain,86.0,25.5,62.0,7.0,81
Relative+novel,chronic pain,87.0,47.5,58.0,25.0,17
Relative+novel,chronic pain,74.0,52.5,38.5,39.5,39
Relative+novel,chronic pain,85.5,26.0,76.0,29.0,17
Relative+novel,chronic pain,80.5,50.0,57.5,31.0,14
Relative+novel,chronic pain,91.0,27.0,75.5,1.0,56
Relative+novel,chronic pain,91.5,55.5,31.0,7.0,71
Relative+novel,chronic pain,80.5,54.5,51.0,11.5,52
Relative+novel,chronic pain,82.0,24.5,62.5,23.0,60
Relative+novel,chronic pain,75.5,41.5,53.5,7.5,84
Relative+novel,chronic pain,51.0,39.0,77.0,49.0,19
Relative+novel,chronic pain,91.5,25.0,69.5,13.0,47
Relative+novel,chronic pain,97.5,52.5,59.0,4.5,22
Relative+novel,chronic pain,98.0,53.5,52.5,12.5,16
Relative+novel,chronic pain,99.0,31.0,59.0,1.5,63
Relative+novel,chronic pain,86.0,40.5,48.5,19.0,57
Relative+novel,chronic pain,89.0,29.0,78.5,9.0,36
Relative+novel,chronic pain,69.0,63.5,44.5,30.5,34
Relative+novel,chronic pain,45.0,40.0,50.5,37.0,94
Relative+novel,chronic pain,98.0,51.0,60.0,7.0,18
Relative+novel,chronic pain,98.5,60.0,34.0,1.0,58
Relative+novel,chronic pain,96.0,65.0,48.5,0.5,30
Relative+novel,chronic pain,53.0,51.0,56.0,45.0,38
Relative+novel,chronic pain,93.5,52.5,38.0,10.5,57
Relative+novel,chronic pain,99.0,24.5,66.0,8.0,52
Relative+novel,chronic pain,97.0,65.5,46.0,0.5,31
Relative+novel,chronic pain,76.5,47.0,57.5,7.5,67
Relative+novel,chronic pain,74.5,51.5,51.0,41.5,14
Relative+novel,chronic pain,98.0,44.5,53.5,1.0,53
Relative+novel,chronic pain,92.0,28.5,61.5,39.0,10
Relative+novel,chronic pain,97.0,64.0,47.0,3.0,27
Relative+novel,chronic pain,99.0,66.5,26.5,2.5,57
Relative+novel,chronic pain,71.5,40.5,66.5,29.5,31
Relative+novel,chronic pain,95.0,31.5,31.0,30.5,67
Relative+novel,chronic pain,85.5,18.5,74.0,11.5,65
Relative+novel,chronic pain,87.5,8.5,69.0,32.5,52
Relative+novel,chronic pain,94.0,63.0,55.0,4.0,17
Relative+novel,chronic pain,65.5,29.0,69.0,24.5,67
Relative+novel,chronic pain,92.5,45.0,48.0,10.0,56
Relative+novel,chronic pain,86.5,34.5,76.5,28.0,2
Relative+novel,chronic pain,97.0,68.5,43.0,2.0,28
wRelative+novel,chronic pain,98.0,35.5,65.0,1.5,46
wRelative+novel,chronic pain,97.5,52.0,59.0,0.5,31
wRelative+novel,chronic pain,96.5,72.0,35.0,0.0,40
wRelative+novel,chronic pain,94.5,67.5,40.5,5.5,32
wRelative+novel,chronic pain,88.0,25.5,82.5,24.5,10
wRelative+novel,chronic pain,86.0,42.5,63.5,26.5,14
wRelative+novel,chronic pain,76.5,53.0,43.5,16.0,66
wRelative+novel,chronic pain,73.5,24.0,81.5,27.5,35
wRelative+novel,chronic pain,91.5,27.0,74.5,12.5,37
wRelative+novel,chronic pain,93.5,67.0,39.5,14.0,22
wRelative+novel,chronic pain,97.5,47.5,40.0,0.0,72
wRelative+novel,chronic pain,88.0,46.0,65.0,19.0,14
wRelative+novel,chronic pain,77.5,57.0,54.0,8.5,51
wRelative+novel,chronic pain,91.5,66.0,34.0,11.0,42
wRelative+novel,chronic pain,86.5,56.0,40.0,6.0,66
wRelative+novel,chronic pain,84.0,28.5,81.5,9.5,39
wRelative+novel,chronic pain,87.0,66.0,40.5,11.0,38
wRelative+novel,chronic pain,98.0,39.5,59.5,2.5,47
wRelative+novel,chronic pain,98.5,52.0,61.0,5.0,17
wRelative+novel,chronic pain,66.0,37.5,53.0,45.5,42
wRelative+novel,chronic pain,74.0,44.5,57.0,31.0,35
wRelative+novel,chronic pain,89.0,73.5,40.0,7.0,30
wRelative+novel,chronic pain,100.0,60.5,53.0,0.0,25
wRelative+novel,chronic pain,92.5,73.5,34.0,3.5,40
wRelative+novel,chronic pain,85.5,41.0,56.0,8.0,64
wRelative+novel,chronic pain,90.0,68.0,32.0,5.0,55
wRelative+novel,chronic pain,83.5,38.5,61.5,27.0,29
wRelative+novel,chronic pain,87.5,77.5,38.0,10.5,22
wRelative+novel,chronic pain,97.0,67.0,39.0,8.5,26
wRelative+novel,chronic pain,90.5,64.0,37.0,7.5,47
wRelative+novel,chronic pain,84.5,44.5,78.5,7.5,19
wRelative+novel,chronic pain,79.5,52.5,60.0,20.5,25
wRelative+novel,chronic pain,95.5,69.5,44.5,12.0,8
wRelative+novel,chronic pain,83.0,77.0,42.0,17.5,12
wRelative+novel,chronic pain,80.5,53.5,59.5,28.5,7
wRelative+novel,chronic pain,88.5,26.0,77.5,9.0,44
wRelative+novel,chronic pain,95.5,64.0,32.0,4.5,53
wRelative+novel,chronic pain,89.5,27.5,48.0,11.5,88
wRelative+novel,chronic pain,71.0,52.0,72.0,22.0,17
wRelative+novel,chronic pain,76.5,50.5,47.5,33.5,33
wRelative+novel,chronic pain,90.0,46.5,68.5,14.0,13
wRelative+novel,chronic pain,78.5,54.0,60.5,23.0,19
wRelative+novel,chronic pain,91.0,22.0,78.5,6.0,50
wRelative+novel,chronic pain,85.5,65.0,28.5,5.5,73
wRelative+novel,chronic pain,78.0,49.0,50.0,12.5,64
wRelative+novel,chronic pain,78.5,25.5,60.0,28.0,61
wRelative+novel,chronic pain,79.0,45.0,38.0,19.5,78
wRelative+novel,chronic pain,62.5,41.0,66.0,45.5,21
wRelative+novel,chronic pain,90.5,35.0,58.5,10.5,55
wRelative+novel,chronic pain,94.0,53.5,61.0,1.0,31
wRelative+novel,chronic pain,98.0,59.0,49.0,5.5,26
wRelative+novel,chronic pain,96.0,26.0,62.0,4.0,67
wRelative+novel,chronic pain,87.0,47.5,43.5,15.5,58
wRelative+novel,chronic pain,88.5,30.5,81.0,12.5,25
wRelative+novel,chronic pain,73.5,58.0,42.5,28.0,42
wRelative+novel,chronic pain,49.0,33.5,55.5,35.5,92
wRelative+novel,chronic pain,98.0,50.5,58.0,6.5,23
wRelative+novel,chronic pain,98.0,62.0,32.5,0.0,59
wRelative+novel,chronic pain,95.5,70.0,44.0,1.5,28
wRelative+novel,chronic pain,69.5,48.0,50.0,35.0,41
wRelative+novel,chronic pain,94.5,56.5,33.0,12.0,54
wRelative+novel,chronic pain,96.5,31.5,69.5,1.5,47
wRelative+novel,chronic pain,96.0,69.5,43.0,0.0,32
wRelative+novel,chronic pain,64.5,29.0,73.5,33.0,46
wRelative+novel,chronic pain,80.5,64.5,37.0,38.0,11
wRelative+novel,chronic pain,95.0,45.5,52.5,0.5,59
wRelative+novel,chronic pain,95.0,36.0,60.0,29.5,11
wRelative+novel,chronic pain,97.0,63.0,43.0,4.0,34
wRelative+novel,chronic pain,100.0,61.0,31.0,1.0,59
wRelative+novel,chronic pain,67.0,35.0,67.5,38.0,33
wRelative+novel,chronic pain,95.5,40.5,55.0,2.0,59
wRelative+novel,chronic pain,75.5,22.0,71.0,10.0,83
wRelative+novel,chronic pain,80.5,13.5,78.5,23.5,54
wRelative+novel,chronic pain,98.5,61.0,53.0,5.0,15
wRelative+novel,chronic pain,72.0,37.0,63.5,24.0,53
wRelative+novel,chronic pain,94.0,47.0,43.0,9.0,59
wRelative+novel,chronic pain,84.5,31.5,81.5,28.5,0
wRelative+novel,chronic pain,98.5,69.0,39.0,6.5,23
Hybrid2012+novel,chronic pain,97.0,33.0,66.5,7.0,40
Hybrid2012+novel,chronic pain,95.0,62.0,48.5,1.5,35
Hybrid2012+novel,chronic pain,98.0,68.0,35.0,0.0,44
Hybrid2012+novel,chronic pain,92.5,71.0,35.5,5.5,38
Hybrid2012+novel,chronic pain,82.0,23.0,88.5,27.0,10
Hybrid2012+novel,chronic pain,85.0,36.0,62.5,30.0,22
Hybrid2012+novel,chronic pain,75.0,63.0,37.5,17.5,58
Hybrid2012+novel,chronic pain,85.5,28.5,61.0,34.0,29
Hybrid2012+novel,chronic pain,83.5,27.5,80.0,15.0,36
Hybrid2012+novel,chronic pain,91.5,68.0,43.0,12.5,19
Hybrid2012+novel,chronic pain,97.5,53.0,35.5,0.5,70
Hybrid2012+novel,chronic pain,90.0,60.5,59.0,12.5,8
Hybrid2012+novel,chronic pain,82.5,51.5,49.5,9.5,59
Hybrid2012+novel,chronic pain,91.5,70.0,32.0,9.0,42
Hybrid2012+novel,chronic pain,92.5,52.5,43.0,6.5,56
Hybrid2012+novel,chronic pain,86.5,24.0,81.0,17.5,31
Hybrid2012+novel,chronic pain,87.0,65.5,39.0,11.0,41
Hybrid2012+novel,chronic pain,98.5,42.0,58.5,3.5,41
Hybrid2012+novel,chronic pain,99.0,51.0,60.5,4.5,20
Hybrid2012+novel,chronic pain,68.5,51.0,44.0,36.5,45
Hybrid2012+novel,chronic pain,74.5,45.5,55.5,31.5,35
Hybrid2012+novel,chronic pain,89.0,63.0,55.0,6.5,21
Hybrid2012+novel,chronic pain,97.0,65.5,50.5,1.0,23
Hybrid2012+novel,chronic pain,97.0,70.0,27.5,5.5,46
Hybrid2012+novel,chronic pain,94.0,44.5,29.0,25.0,58
Hybrid2012+novel,chronic pain,90.0,70.0,34.0,6.0,46
Hybrid2012+novel,chronic pain,84.5,40.5,67.0,23.0,20
Hybrid2012+novel,chronic pain,92.0,75.0,31.5,15.0,22
Hybrid2012+novel,chronic pain,97.5,64.0,42.0,9.0,23
Hybrid2012+novel,chronic pain,91.5,62.0,35.5,8.5,50
Hybrid2012+novel,chronic pain,88.0,61.0,61.5,5.5,18
Hybrid2012+novel,chronic pain,84.5,56.0,55.5,22.0,14
Hybrid2012+novel,chronic pain,92.5,65.0,52.0,12.0,9
Hybrid2012+novel,chronic pain,90.0,71.0,50.0,5.0,18
Hybrid2012+novel,chronic pain,56.0,56.0,56.5,54.0,6
Hybrid2012+novel,chronic pain,85.0,35.0,77.5,10.0,32
Hybrid2012+novel,chronic pain,95.0,64.5,30.5,6.5,53
Hybrid2012+novel,chronic pain,90.0,43.0,41.5,5.0,82
Hybrid2012+novel,chronic pain,82.0,36.5,79.5,18.0,17
Hybrid2012+novel,chronic pain,78.0,51.5,44.5,33.0,33
Hybrid2012+novel,chronic pain,91.0,47.0,62.5,16.0,17
Hybrid2012+novel,chronic pain,88.5,48.5,46.0,33.0,18
Hybrid2012+novel,chronic pain,96.0,26.5,70.5,5.0,50
Hybrid2012+novel,chronic pain,90.5,58.0,36.5,1.0,71
Hybrid2012+novel,chronic pain,86.5,46.0,51.0,13.0,53
Hybrid2012+novel,chronic pain,89.0,26.0,56.0,16.0,68
Hybrid2012+novel,chronic pain,83.0,31.5,45.5,17.5,86
Hybrid2012+novel,chronic pain,67.0,40.0,70.0,38.5,19
Hybrid2012+novel,chronic pain,95.5,29.0,68.0,6.0,48
Hybrid2012+novel,chronic pain,97.5,53.5,48.0,9.0,31
Hybrid2012+novel,chronic pain,94.5,66.0,46.0,11.5,15
Hybrid2012+novel,chronic pain,96.5,27.5,60.0,3.5,67
Hybrid2012+novel,chronic pain,80.0,36.5,57.0,20.5,58
Hybrid2012+novel,chronic pain,83.5,28.0,80.0,18.5,28
Hybrid2012+novel,chronic pain,76.0,61.5,39.0,27.0,41
Hybrid2012+novel,chronic pain,49.5,49.5,36.0,42.5,86
Hybrid2012+novel,chronic pain,99.0,44.5,62.0,6.5,25
Hybrid2012+novel,chronic pain,96.5,62.5,27.5,3.0,64
Hybrid2012+novel,chronic pain,92.0,72.5,46.0,1.0,27
Hybrid2012+novel,chronic pain,56.5,51.0,53.0,40.5,44
Hybrid2012+novel,chronic pain,88.0,63.5,38.0,7.5,51
Hybrid2012+novel,chronic pain,96.5,33.5,66.5,1.0,51
Hybrid2012+novel,chronic pain,98.0,64.5,49.5,0.0,27
Hybrid2012+novel,chronic pain,80.5,41.0,66.0,5.5,58
Hybrid2012+novel,chronic pain,67.5,66.0,52.0,24.5,29
Hybrid2012+novel,chronic pain,98.5,42.0,55.5,1.5,51
Hybrid2012+novel,chronic pain,94.5,39.5,71.5,13.5,13
Hybrid2012+novel,chronic pain,97.5,64.5,34.5,10.0,36
Hybrid2012+novel,chronic pain,99.0,62.5,30.0,1.5,59
Hybrid2012+novel,chronic pain,63.5,31.5,74.0,42.5,27
Hybrid2012+novel,chronic pain,87.0,52.5,54.5,0.5,57
Hybrid2012+novel,chronic pain,86.0,23.5,60.0,14.5,75
Hybrid2012+novel,chronic pain,90.0,21.0,69.0,12.5,59
Hybrid2012+novel,chronic pain,98.5,56.5,57.5,2.5,20
Hybrid2012+novel,chronic pain,83.5,50.5,45.0,16.0,55
Hybrid2012+novel,chronic pain,93.5,43.5,54.0,9.0,46
Hybrid2012+novel,chronic pain,77.5,42.0,84.5,22.0,1
Hybrid2012+novel,chronic pain,96.5,66.5,36.5,9.5,31
QLearning+novel,acute pain,99.0,68.0,43.0,9.0,13
QLearning+novel,acute pain,87.5,62.5,37.0,12.5,46
QLearning+novel,acute pain,80.5,67.0,38.5,28.0,21
QLearning+novel,acute pain,92.5,64.5,48.0,6.0,28
QLearning+novel,acute pain,94.0,70.5,36.5,11.0,25
QLearning+novel,acute pain,86.0,69.5,43.0,13.5,26
QLearning+novel,acute pain,96.0,59.5,37.5,1.0,57
QLearning+novel,acute pain,53.5,54.5,47.0,40.0,55
QLearning+novel,acute pain,98.0,68.0,41.5,3.0,29
QLearning+novel,acute pain,97.5,49.5,46.0,16.0,32
QLearning+novel,acute pain,69.5,77.0,43.0,20.0,30
QLearning+novel,acute pain,74.0,62.5,37.0,21.0,56
QLearning+novel,acute pain,95.0,56.0,41.0,24.0,18
QLearning+novel,acute pain,95.0,65.0,45.5,4.5,30
QLearning+novel,acute pain,85.5,67.5,36.5,27.5,17
QLearning+novel,acute pain,98.5,72.0,37.0,3.0,28
QLearning+novel,acute pain,89.0,71.0,39.5,17.0,17
QLearning+novel,acute pain,83.5,67.0,48.0,18.5,17
QLearning+novel,acute pain,78.5,57.5,49.0,26.0,26
QLearning+novel,acute pain,70.0,54.0,51.5,37.5,25
QLearning+novel,acute pain,98.5,69.5,42.5,0.5,28
QLearning+novel,acute pain,84.5,83.0,36.5,21.0,3
QLearning+novel,acute pain,79.0,64.0,47.0,16.5,33
QLearning+novel,acute pain,97.0,67.0,38.0,7.5,31
QLearning+novel,acute pain,93.0,57.0,53.5,11.5,19
QLearning+novel,acute pain,78.5,59.5,43.5,26.5,33
QLearning+novel,acute pain,77.0,62.5,48.0,25.0,23
QLearning+novel,acute pain,75.5,62.5,58.5,19.5,17
QLearning+novel,acute pain,100.0,68.0,30.5,1.5,47
QLearning+novel,acute pain,73.0,58.5,33.5,24.0,66
QLearning+novel,acute pain,87.0,68.5,46.5,2.0,39
QLearning+novel,acute pain,72.5,62.5,50.5,35.0,10
QLearning+novel,acute pain,88.5,54.0,41.5,15.0,47
QLearning+novel,acute pain,85.5,60.0,47.5,28.5,8
QLearning+novel,acute pain,79.0,61.0,38.5,31.0,29
QLearning+novel,acute pain,86.0,56.0,46.0,34.0,8
QLearning+novel,acute pain,56.5,47.0,57.0,44.5,37
QLearning+novel,acute pain,90.5,56.5,54.5,11.5,22
QLearning+novel,acute pain,80.5,64.0,48.0,33.0,2
QLearning+novel,acute pain,84.0,58.5,29.0,15.0,69
QLearning+novel,acute pain,82.5,46.5,39.0,44.5,26
QLearning+novel,acute pain,99.0,70.5,33.5,2.5,37
QLearning+novel,acute pain,87.0,57.5,55.5,12.5,23
QLearning+novel,acute pain,91.5,54.5,35.5,11.0,59
QLearning+novel,acute pain,80.5,68.5,36.5,15.5,44
QLearning+novel,acute pain,82.5,72.5,51.5,11.5,16
QLearning+novel,acute pain,92.0,59.5,55.5,6.5,22
QLearning+novel,acute pain,73.0,59.5,53.5,21.0,35
QLearning+novel,acute pain,98.0,65.0,43.5,9.5,17
QLearning+novel,acute pain,95.0,68.0,45.5,4.0,25
QLearning+novel,acute pain,94.5,63.0,43.0,23.5,5
QLearning+novel,acute pain,96.0,66.0,38.0,16.5,16
QLearning+novel,acute pain,76.0,58.5,41.0,17.5,58
ActorCritic+novel,acute pain,93.5,65.0,52.5,3.5,20
ActorCritic+novel,acute pain,67.0,17.0,62.5,50.5,51
ActorCritic+novel,acute pain,52.5,52.5,59.5,50.0,20
ActorCritic+novel,acute pain,94.0,59.5,49.0,6.0,31
ActorCritic+novel,acute pain,96.0,63.5,47.5,2.5,29
ActorCritic+novel,acute pain,70.0,17.0,74.5,29.0,62
ActorCritic+novel,acute pain,97.0,38.5,8.0,42.5,70
ActorCritic+novel,acute pain,71.0,42.5,63.0,30.5,34
ActorCritic+novel,acute pain,99.0,59.5,48.5,3.0,28
ActorCritic+novel,acute pain,99.0,56.5,51.5,1.0,34
ActorCritic+novel,acute pain,96.5,39.0,64.5,10.5,28
ActorCritic+novel,acute pain,76.5,32.0,65.5,20.5,55
ActorCritic+novel,acute pain,97.0,45.5,39.5,37.0,13
ActorCritic+novel,acute pain,81.5,54.5,42.0,35.5,22
ActorCritic+novel,acute pain,94.5,38.0,60.5,28.0,8
ActorCritic+novel,acute pain,99.0,61.0,49.5,4.0,23
ActorCritic+novel,acute pain,87.0,62.0,54.5,12.0,19
ActorCritic+novel,acute pain,84.5,53.5,62.5,14.0,20
ActorCritic+novel,acute pain,59.5,25.5,71.5,49.5,36
ActorCritic+novel,acute pain,63.0,42.0,69.5,36.0,29
ActorCritic+novel,acute pain,99.0,68.0,43.0,1.0,28
ActorCritic+novel,acute pain,85.0,72.0,51.0,9.5,15
ActorCritic+novel,acute pain,76.5,62.0,42.0,23.5,39
ActorCritic+novel,acute pain,99.0,65.5,37.0,8.5,29
ActorCritic+novel,acute pain,70.5,42.0,67.0,38.0,15
ActorCritic+novel,acute pain,81.5,68.5,45.5,17.5,23
ActorCritic+novel,acute pain,78.5,42.5,53.0,33.5,33
ActorCritic+novel,acute pain,83.5,42.0,73.0,18.0,18
ActorCritic+novel,acute pain,97.0,64.5,34.5,1.0,52
ActorCritic+novel,acute pain,69.0,44.5,50.5,33.5,50
ActorCritic+novel,acute pain,92.0,57.5,49.5,2.0,45
ActorCritic+novel,acute pain,82.5,23.0,60.5,55.5,8
ActorCritic+novel,acute pain,92.0,48.5,50.5,10.0,44
ActorCritic+novel,acute pain,71.5,69.0,55.5,19.0,19
ActorCritic+novel,acute pain,81.0,34.0,61.5,30.0,35
ActorCritic+novel,acute pain,92.5,56.0,54.0,16.5,14
ActorCritic+novel,acute pain,75.0,54.0,37.0,38.5,38
ActorCritic+novel,acute pain,87.0,24.5,82.5,17.5,26
ActorCritic+novel,acute pain,81.5,53.0,53.0,26.5,21
ActorCritic+novel,acute pain,87.5,33.5,46.5,17.0,73
ActorCritic+novel,acute pain,55.0,33.0,89.0,41.5,14
ActorCritic+novel,acute pain,97.5,59.0,44.5,5.5,35
ActorCritic+novel,acute pain,79.0,49.5,70.5,15.5,20
ActorCritic+novel,acute pain,51.0,49.0,71.5,24.5,54
ActorCritic+novel,acute pain,70.5,27.0,79.5,22.5,48
ActorCritic+novel,acute pain,91.0,69.0,35.5,26.0,9
ActorCritic+novel,acute pain,92.0,64.5,51.5,5.5,23
ActorCritic+novel,acute pain,71.5,71.0,43.0,22.5,33
ActorCritic+novel,acute pain,93.5,42.0,68.5,14.0,15
ActorCritic+novel,acute pain,97.5,61.0,45.0,11.5,20
ActorCritic+novel,acute pain,85.0,65.0,50.5,19.0,11
ActorCritic+novel,acute pain,91.5,67.5,50.0,6.0,20
ActorCritic+novel,acute pain,78.5,50.5,55.0,6.0,64
Relative+novel,acute pain,97.5,70.5,43.5,4.0,18
Relative+novel,acute pain,87.0,54.0,42.5,12.5,53
Relative+novel,acute pain,72.5,66.5,40.0,31.5,28
Relative+novel,acute pain,96.0,65.0,43.0,5.5,30
Relative+novel,acute pain,96.0,56.5,55.0,2.5,29
Relative+novel,acute pain,93.5,47.0,51.0,13.0,39
Relative+novel,acute pain,98.0,54.0,40.0,1.5,57
Relative+novel,acute pain,58.5,48.5,57.0,38.0,43
Relative+novel,acute pain,100.0,59.0,50.5,3.0,25
Relative+novel,acute pain,99.0,44.5,53.0,4.0,45
Relative+novel,acute pain,97.0,31.0,70.0,11.5,29
Relative+novel,acute pain,80.0,29.0,66.5,12.5,67
Relative+novel,acute pain,94.5,52.0,37.5,39.5,6
Relative+novel,acute pain,95.5,65.5,41.5,9.0,27
Relative+novel,acute pain,91.0,54.0,55.5,17.5,15
Relative+novel,acute pain,100.0,70.0,41.0,1.0,27
Relative+novel,acute pain,93.0,61.5,50.5,14.0,13
Relative+novel,acute pain,82.5,40.0,63.0,28.0,21
Relative+novel,acute pain,64.5,40.5,80.5,22.5,32
Relative+novel,acute pain,67.0,44.5,63.5,29.5,36
Relative+novel,acute pain,99.0,68.5,42.0,0.0,31
Relative+novel,acute pain,78.0,78.0,45.0,23.5,4
Relative+novel,acute pain,81.0,69.5,48.0,13.0,27
Relative+novel,acute pain,99.0,64.0,36.5,8.5,33
Relative+novel,acute pain,85.0,52.5,66.5,6.0,28
Relative+novel,acute pain,82.5,57.0,49.5,24.5,21
Relative+novel,acute pain,77.5,49.5,69.0,20.5,18
Relative+novel,acute pain,74.0,44.0,78.5,22.5,12
Relative+novel,acute pain,97.5,69.5,29.5,0.0,52
Relative+novel,acute pain,63.0,53.0,43.5,34.0,57
Relative+novel,acute pain,65.5,86.0,50.0,3.5,36
Relative+novel,acute pain,91.0,34.5,60.5,36.5,8
Relative+novel,acute pain,89.0,61.0,41.0,10.0,44
Relative+novel,acute pain,83.0,67.0,46.5,25.5,7
Relative+novel,acute pain,74.0,47.0,54.5,36.0,27
Relative+novel,acute pain,96.5,44.5,55.5,23.5,12
Relative+novel,acute pain,65.5,49.0,55.0,31.0,45
Relative+novel,acute pain,83.0,25.0,87.0,14.0,31
Relative+novel,acute pain,82.0,31.5,78.5,32.5,2
Relative+novel,acute pain,89.5,41.0,37.0,17.0,72
Relative+novel,acute pain,76.5,29.0,66.5,40.0,25
Relative+novel,acute pain,99.0,66.0,35.0,2.0,43
Relative+novel,acute pain,88.0,43.5,65.0,19.0,18
Relative+novel,acute pain,94.5,49.5,46.0,5.0,56
Relative+novel,acute pain,68.0,46.0,77.0,4.0,55
Relative+novel,acute pain,87.0,65.5,58.0,14.5,3
Relative+novel,acute pain,90.0,60.0,52.5,9.0,26
Relative+novel,acute pain,68.0,67.5,45.5,23.5,39
Relative+novel,acute pain,96.5,60.5,51.5,10.0,13
Relative+novel,acute pain,96.0,65.5,49.0,3.5,21
Relative+novel,acute pain,97.0,61.5,40.5,23.5,7
Relative+novel,acute pain,92.0,65.5,49.0,11.5,15
Relative+novel,acute pain,83.0,33.5,70.0,7.0,58
wRelative+novel,acute pain,99.0,67.5,44.0,7.5,16
wRelative+novel,acute pain,82.5,45.0,58.0,8.5,57
wRelative+novel,acute pain,69.5,65.0,47.0,28.0,30
wRelative+novel,acute pain,92.5,67.5,43.5,9.0,25
wRelative+novel,acute pain,95.0,63.5,50.0,3.0,27
wRelative+novel,acute pain,96.0,35.0,54.0,19.0,38
wRelative+novel,acute pain,96.5,54.0,44.5,1.0,54
wRelative+novel,acute pain,63.5,52.0,48.0,34.5,48
wRelative+novel,acute pain,100.0,62.0,48.5,1.5,27
wRelative+novel,acute pain,99.0,43.5,57.0,4.5,39
wRelative+novel,acute pain,95.0,39.5,69.5,3.0,34
wRelative+novel,acute pain,74.5,33.0,67.5,16.5,61
wRelative+novel,acute pain,98.0,38.0,42.0,45.5,7
wRelative+novel,acute pain,96.5,68.5,28.5,16.5,28
wRelative+novel,acute pain,98.0,39.5,65.5,13.0,18
wRelative+novel,acute pain,100.0,71.0,40.5,0.0,28
wRelative+novel,acute pain,93.0,62.0,50.5,14.5,11
wRelative+novel,acute pain,82.0,59.0,59.5,13.0,22
wRelative+novel,acute pain,66.5,47.0,85.0,13.0,26
wRelative+novel,acute pain,66.0,56.0,56.0,33.5,26
wRelative+novel,acute pain,99.0,67.0,44.5,2.0,25
wRelative+novel,acute pain,81.5,77.5,39.5,27.5,1
wRelative+novel,acute pain,81.5,70.0,40.5,15.0,34
wRelative+novel,acute pain,97.5,66.5,37.5,12.0,22
wRelative+novel,acute pain,84.0,58.0,58.0,11.0,28
wRelative+novel,acute pain,82.5,62.0,46.5,21.5,23
wRelative+novel,acute pain,77.5,48.5,67.0,21.0,22
wRelative+novel,acute pain,69.5,62.5,64.0,15.5,25
wRelative+novel,acute pain,96.0,72.0,28.5,1.5,50
wRelative+novel,acute pain,74.0,60.5,37.5,21.0,58
wRelative+novel,acute pain,96.5,54.0,51.0,1.0,41
wRelative+novel,acute pain,89.0,47.0,70.0,14.5,11
wRelative+novel,acute pain,89.5,61.5,40.0,7.0,51
wRelative+novel,acute pain,84.5,69.0,45.0,20.0,14
wRelative+novel,acute pain,72.0,49.0,50.5,37.5,30
wRelative+novel,acute pain,94.0,52.5,50.0,22.5,13
wRelative+novel,acute pain,63.0,55.0,42.5,44.0,38
wRelative+novel,acute pain,88.0,24.5,81.0,18.0,27
wRelative+novel,acute pain,83.0,34.0,72.5,34.0,5
wRelative+novel,acute pain,90.0,34.5,52.5,13.0,63
wRelative+novel,acute pain,67.0,23.5,75.0,39.0,38
wRelative+novel,acute pain,95.5,69.5,38.5,2.0,37
wRelative+novel,acute pain,87.5,43.0,65.0,16.5,25
wRelative+novel,acute pain,93.0,57.5,41.5,3.5,55
wRelative+novel,acute pain,71.0,49.0,83.0,1.5,39
wRelative+novel,acute pain,87.0,68.0,56.0,10.0,9
wRelative+novel,acute pain,97.0,64.5,36.0,8.0,36
wRelative+novel,acute pain,69.0,61.5,51.5,22.0,39
wRelative+novel,acute pain,97.0,64.0,44.5,15.0,10
wRelative+novel,acute pain,97.5,63.5,46.5,5.5,22
wRelative+novel,acute pain,95.5,65.0,43.5,18.5,7
wRelative+novel,acute pain,95.5,60.5,45.5,14.5,18
wRelative+novel,acute pain,90.0,39.5,54.5,3.0,69
Hybrid2012+novel,acute pain,98.0,65.5,46.0,5.0,20
Hybrid2012+novel,acute pain,87.0,49.5,46.5,13.5,53
Hybrid2012+novel,acute pain,73.0,58.0,51.0,29.5,27
Hybrid2012+novel,acute pain,95.5,67.0,40.0,7.0,29
Hybrid2012+novel,acute pain,97.5,60.5,50.0,1.5,29
Hybrid2012+novel,acute pain,83.5,76.5,43.5,1.0,39
Hybrid2012+novel,acute pain,99.0,34.5,53.0,2.5,65
Hybrid2012+novel,acute pain,54.5,51.5,66.5,37.5,29
Hybrid2012+novel,acute pain,99.0,58.0,50.0,3.0,29
Hybrid2012+novel,acute pain,100.0,54.0,48.0,2.0,40
Hybrid2012+novel,acute pain,93.5,43.0,65.0,8.5,29
Hybrid2012+novel,acute pain,89.5,32.5,60.0,16.0,51
Hybrid2012+novel,acute pain,100.0,31.5,66.5,21.5,12
Hybrid2012+novel,acute pain,94.0,72.5,36.5,7.0,28
Hybrid2012+novel,acute pain,95.0,48.5,62.5,12.0,14
Hybrid2012+novel,acute pain,100.0,70.0,40.5,1.0,28
Hybrid2012+novel,acute pain,95.5,67.0,46.0,7.0,19
Hybrid2012+novel,acute pain,85.0,52.0,61.5,18.0,17
Hybrid2012+novel,acute pain,74.0,28.0,79.5,34.5,18
Hybrid2012+novel,acute pain,67.5,49.0,63.5,33.5,23
Hybrid2012+novel,acute pain,97.0,68.5,44.5,0.0,29
Hybrid2012+novel,acute pain,85.0,72.5,48.5,18.0,4
Hybrid2012+novel,acute pain,82.0,65.0,42.0,15.5,37
Hybrid2012+novel,acute pain,97.5,67.5,40.0,9.0,22
Hybrid2012+novel,acute pain,92.5,56.0,56.0,8.0,25
Hybrid2012+novel,acute pain,82.5,53.5,56.0,21.5,22
Hybrid2012+novel,acute pain,84.5,49.5,63.5,18.0,19
Hybrid2012+novel,acute pain,68.0,50.0,79.0,18.5,18
Hybrid2012+novel,acute pain,98.5,71.0,29.0,1.5,47
Hybrid2012+novel,acute pain,64.0,68.0,46.5,18.0,53
Hybrid2012+novel,acute pain,88.5,52.0,62.0,1.5,40
Hybrid2012+novel,acute pain,96.0,38.5,72.0,9.5,17
Hybrid2012+novel,acute pain,90.5,55.5,40.0,12.0,50
Hybrid2012+novel,acute pain,88.0,55.0,56.5,18.5,14
Hybrid2012+novel,acute pain,77.5,47.0,53.0,31.0,31
Hybrid2012+novel,acute pain,94.5,49.5,60.0,17.0,11
Hybrid2012+novel,acute pain,66.0,54.5,52.5,26.5,46
Hybrid2012+novel,acute pain,81.0,16.5,87.0,28.0,23
Hybrid2012+novel,acute pain,91.5,33.5,64.0,37.5,1
Hybrid2012+novel,acute pain,85.5,27.5,49.5,31.5,56
Hybrid2012+novel,acute pain,53.5,49.5,75.5,37.0,18
Hybrid2012+novel,acute pain,97.5,67.0,37.0,5.0,35
Hybrid2012+novel,acute pain,95.5,55.5,52.5,14.0,16
Hybrid2012+novel,acute pain,95.5,48.5,47.0,5.5,52
Hybrid2012+novel,acute pain,79.5,45.5,57.5,10.5,59
Hybrid2012+novel,acute pain,97.5,48.5,62.0,15.0,7
Hybrid2012+novel,acute pain,81.0,58.0,67.0,5.0,28
Hybrid2012+novel,acute pain,74.5,64.5,50.5,16.0,36
Hybrid2012+novel,acute pain,97.5,65.5,44.5,7.5,19
Hybrid2012+novel,acute pain,98.0,59.5,45.5,12.5,19
Hybrid2012+novel,acute pain,92.0,60.5,51.0,19.5,6
Hybrid2012+novel,acute pain,92.5,65.0,50.5,5.0,25
Hybrid2012+novel,acute pain,79.5,40.5,61.0,7.5,66
QLearning+novel,no pain,93.5,74.0,45.5,9.0,8
QLearning+novel,no pain,91.0,69.0,34.5,4.0,50
QLearning+novel,no pain,98.0,69.5,28.0,0.5,54
QLearning+novel,no pain,89.0,64.5,45.0,19.0,16
QLearning+novel,no pain,97.0,53.5,38.0,0.5,66
QLearning+novel,no pain,97.0,69.0,43.0,1.0,29
QLearning+novel,no pain,93.0,68.0,45.5,9.5,18
QLearning+novel,no pain,80.0,45.5,54.5,21.0,45
QLearning+novel,no pain,94.0,68.0,37.0,28.5,0
QLearning+novel,no pain,91.0,76.5,39.0,5.0,28
QLearning+novel,no pain,95.5,53.0,37.0,7.5,59
QLearning+novel,no pain,72.5,56.5,29.5,24.0,78
QLearning+novel,no pain,90.0,65.5,31.5,18.0,37
QLearning+novel,no pain,98.0,70.0,43.5,0.5,26
QLearning+novel,no pain,64.5,52.0,49.0,36.5,43
QLearning+novel,no pain,93.0,68.5,30.0,25.5,16
QLearning+novel,no pain,71.0,55.5,51.0,26.0,39
QLearning+novel,no pain,89.0,71.0,50.5,12.0,8
QLearning+novel,no pain,94.5,53.0,50.5,9.5,34
QLearning+novel,no pain,76.0,66.5,48.0,26.5,16
QLearning+novel,no pain,98.0,70.0,26.5,3.5,48
QLearning+novel,no pain,95.5,68.5,42.5,2.5,31
QLearning+novel,no pain,92.5,52.5,46.0,30.5,9
QLearning+novel,no pain,82.5,48.5,46.0,12.0,66
QLearning+novel,no pain,90.5,53.5,51.0,10.5,36
QLearning+novel,no pain,92.5,65.0,43.0,17.0,16
QLearning+novel,no pain,86.0,59.0,49.0,23.5,16
QLearning+novel,no pain,95.0,59.5,33.0,2.5,64
QLearning+novel,no pain,60.0,49.5,40.5,37.0,69
QLearning+novel,no pain,59.0,54.5,41.0,39.0,58
QLearning+novel,no pain,71.0,71.5,50.5,13.5,35
QLearning+novel,no pain,100.0,69.0,28.0,3.5,45
QLearning+novel,no pain,97.0,67.5,27.0,4.0,55
QLearning+novel,no pain,77.5,61.0,45.5,33.5,15
QLearning+novel,no pain,97.0,72.0,30.5,2.5,42
QLearning+novel,no pain,89.0,75.5,41.5,15.5,8
QLearning+novel,no pain,63.5,59.0,48.5,41.5,23
QLearning+novel,no pain,81.0,53.0,43.5,28.5,35
QLearning+novel,no pain,86.5,48.0,40.5,8.0,76
QLearning+novel,no pain,95.5,67.5,42.5,19.5,4
QLearning+novel,no pain,96.5,65.5,35.0,2.0,47
QLearning+novel,no pain,82.5,70.0,42.5,13.5,31
QLearning+novel,no pain,46.0,90.5,40.5,35.5,23
QLearning+novel,no pain,71.0,59.0,46.0,23.0,47
QLearning+novel,no pain,87.5,63.0,22.0,7.0,82
QLearning+novel,no pain,86.0,59.0,50.0,19.0,22
QLearning+novel,no pain,92.5,67.5,26.5,7.0,58
QLearning+novel,no pain,82.5,54.5,56.0,10.5,40
QLearning+novel,no pain,89.5,64.0,49.0,1.5,39
QLearning+novel,no pain,90.0,74.5,41.0,10.0,18
QLearning+novel,no pain,84.0,58.5,52.0,20.5,20
QLearning+novel,no pain,80.0,64.0,38.0,18.5,46
QLearning+novel,no pain,91.5,71.0,42.0,21.5,2
QLearning+novel,no pain,99.0,62.0,31.5,12.0,38
QLearning+novel,no pain,96.5,68.5,46.0,10.5,8
QLearning+novel,no pain,92.5,57.0,50.0,2.0,44
QLearning+novel,no pain,90.5,74.0,45.0,3.0,25
QLearning+novel,no pain,97.5,68.0,33.0,2.0,45
QLearning+novel,no pain,98.0,71.0,30.0,1.0,47
QLearning+novel,no pain,98.5,61.0,29.5,8.5,52
QLearning+novel,no pain,48.0,88.5,48.5,24.5,31
QLearning+novel,no pain,100.0,67.5,40.5,2.5,29
QLearning+novel,no pain,86.5,59.0,24.0,31.5,44
QLearning+novel,no pain,95.0,61.5,48.0,3.5,32
QLearning+novel,no pain,98.5,68.0,29.0,1.5,53
QLearning+novel,no pain,70.5,67.0,39.0,13.5,65
QLearning+novel,no pain,71.0,59.5,48.0,32.5,27
QLearning+novel,no pain,95.5,72.0,40.0,3.5,28
QLearning+novel,no pain,65.5,83.0,30.5,12.0,62
QLearning+novel,no pain,74.5,69.5,49.5,25.0,13
QLearning+novel,no pain,97.0,70.5,26.5,3.5,51
QLearning+novel,no pain,89.0,70.5,46.5,11.5,16
QLearning+novel,no pain,96.5,71.0,39.0,4.0,27
QLearning+novel,no pain,84.0,57.0,52.0,10.0,41
QLearning+novel,no pain,95.5,68.5,32.5,10.0,35
QLearning+novel,no pain,93.0,62.0,44.5,1.5,44
QLearning+novel,no pain,85.5,62.5,24.0,7.5,83
QLearning+novel,no pain,91.5,69.5,28.5,8.0,51
QLearning+novel,no pain,99.0,69.5,36.0,8.5,23
QLearning+novel,no pain,82.0,62.5,47.5,25.5,15
QLearning+novel,no pain,79.5,55.0,48.5,24.0,34
QLearning+novel,no pain,94.5,47.5,44.5,4.5,61
QLearning+novel,no pain,80.5,38.0,31.0,33.0,76
QLearning+novel,no pain,59.0,51.0,51.0,41.0,42
QLearning+novel,no pain,88.0,60.5,36.5,11.5,53
QLearning+novel,no pain,97.0,64.5,45.0,3.5,30
QLearning+novel,no pain,97.0,69.0,30.5,2.5,48
QLearning+novel,no pain,68.5,53.0,55.0,37.0,22
QLearning+novel,no pain,95.5,63.0,34.0,8.5,44
QLearning+novel,no pain,77.0,62.0,52.0,27.5,14
QLearning+novel,no pain,94.0,52.0,38.5,10.0,56
QLearning+novel,no pain,82.5,62.5,60.5,10.5,17
QLearning+novel,no pain,96.5,58.5,30.0,2.0,69
QLearning+novel,no pain,83.0,74.0,37.5,10.0,39
QLearning+novel,no pain,90.0,62.5,42.0,15.5,28
QLearning+novel,no pain,77.5,53.0,42.5,15.0,67
QLearning+novel,no pain,95.5,72.0,44.0,5.0,19
QLearning+novel,no pain,74.5,72.0,55.5,14.5,17
QLearning+novel,no pain,94.0,68.0,30.5,15.0,34
QLearning+novel,no pain,96.5,58.5,34.5,21.0,29
QLearning+novel,no pain,74.0,53.0,50.0,24.0,44
QLearning+novel,no pain,91.5,49.5,52.5,29.5,7
QLearning+novel,no pain,81.0,64.0,48.0,29.0,8
QLearning+novel,no pain,100.0,70.5,38.5,2.0,28
QLearning+novel,no pain,94.0,66.0,50.5,2.5,23
QLearning+novel,no pain,98.0,69.0,26.0,8.5,43
QLearning+novel,no pain,81.0,71.5,33.5,10.0,53
QLearning+novel,no pain,92.0,60.5,46.5,16.0,20
ActorCritic+novel,no pain,94.0,68.0,51.0,8.5,9
ActorCritic+novel,no pain,90.5,56.0,38.5,6.0,62
ActorCritic+novel,no pain,99.0,63.0,35.0,0.0,53
ActorCritic+novel,no pain,85.5,36.5,72.0,25.5,12
ActorCritic+novel,no pain,100.0,52.5,34.5,1.0,68
ActorCritic+novel,no pain,98.0,65.0,50.5,1.0,22
ActorCritic+novel,no pain,72.0,61.0,65.0,19.0,15
ActorCritic+novel,no pain,74.0,49.0,56.5,20.0,47
ActorCritic+novel,no pain,92.5,59.0,45.5,22.5,12
ActorCritic+novel,no pain,88.0,63.5,43.5,16.5,27
ActorCritic+novel,no pain,96.5,24.5,65.0,12.0,50
ActorCritic+novel,no pain,57.5,35.0,57.0,33.5,77
ActorCritic+novel,no pain,90.0,55.5,39.0,16.5,44
ActorCritic+novel,no pain,99.0,60.5,49.0,4.0,25
ActorCritic+novel,no pain,57.0,53.5,60.5,30.0,44
ActorCritic+novel,no pain,77.5,69.5,48.0,21.0,18
ActorCritic+novel,no pain,72.0,57.0,37.5,27.5,56
ActorCritic+novel,no pain,86.0,77.5,38.5,21.0,7
ActorCritic+novel,no pain,96.0,42.5,50.5,11.0,46
ActorCritic+novel,no pain,83.0,64.5,53.5,16.0,16
ActorCritic+novel,no pain,96.0,67.0,34.0,3.5,45
ActorCritic+novel,no pain,96.0,64.0,43.0,10.0,23
ActorCritic+novel,no pain,92.5,41.5,52.5,27.0,22
ActorCritic+novel,no pain,81.5,25.0,70.5,13.0,63
ActorCritic+novel,no pain,85.5,49.5,61.5,6.5,40
ActorCritic+novel,no pain,87.0,65.5,51.5,13.0,16
ActorCritic+novel,no pain,83.5,53.0,49.0,30.5,18
ActorCritic+novel,no pain,93.0,49.5,29.5,18.0,64
ActorCritic+novel,no pain,60.0,28.5,63.0,33.5,72
ActorCritic+novel,no pain,72.5,35.0,60.0,29.5,51
ActorCritic+novel,no pain,83.5,38.5,63.5,15.0,45
ActorCritic+novel,no pain,100.0,60.0,37.5,3.0,45
ActorCritic+novel,no pain,97.5,56.5,33.5,3.5,61
ActorCritic+novel,no pain,89.0,29.5,58.0,41.0,16
ActorCritic+novel,no pain,97.0,68.5,39.0,1.5,35
ActorCritic+novel,no pain,93.0,66.5,39.5,23.0,8
ActorCritic+novel,no pain,91.5,28.0,62.5,31.5,22
ActorCritic+novel,no pain,81.0,43.5,62.0,20.0,35
ActorCritic+novel,no pain,81.5,49.0,47.5,5.0,75
ActorCritic+novel,no pain,92.5,46.0,64.5,18.0,10
ActorCritic+novel,no pain,98.0,64.0,33.5,2.5,50
ActorCritic+novel,no pain,90.5,35.0,70.0,21.0,16
ActorCritic+novel,no pain,78.0,64.5,53.5,5.5,44
ActorCritic+novel,no pain,62.5,47.5,84.5,4.0,48
ActorCritic+novel,no pain,91.5,40.0,38.0,10.0,82
ActorCritic+novel,no pain,82.5,24.0,68.0,29.0,39
ActorCritic+novel,no pain,95.0,59.0,22.5,13.5,63
ActorCritic+novel,no pain,66.0,24.5,85.0,36.5,27
ActorCritic+novel,no pain,97.0,49.5,55.0,5.0,35
ActorCritic+novel,no pain,90.5,73.0,46.5,2.5,25
ActorCritic+novel,no pain,87.5,55.5,55.5,15.5,21
ActorCritic+novel,no pain,84.0,59.5,33.5,29.0,36
ActorCritic+novel,no pain,95.0,58.0,53.5,11.0,16
ActorCritic+novel,no pain,97.0,59.5,33.0,16.5,36
ActorCritic+novel,no pain,99.0,61.5,52.0,9.0,9
ActorCritic+novel,no pain,93.0,22.0,70.5,12.0,51
ActorCritic+novel,no pain,96.5,57.0,59.0,0.0,25
ActorCritic+novel,no pain,97.5,63.0,42.5,0.0,42
ActorCritic+novel,no pain,67.5,49.5,59.5,24.5,45
ActorCritic+novel,no pain,97.5,61.0,31.5,9.5,46
ActorCritic+novel,no pain,85.5,68.5,51.5,6.5,25
ActorCritic+novel,no pain,98.5,68.0,40.0,5.5,26
ActorCritic+novel,no pain,82.5,50.5,61.5,13.5,31
ActorCritic+novel,no pain,97.0,62.0,42.5,3.0,38
ActorCritic+novel,no pain,98.5,68.5,30.5,1.5,48
ActorCritic+novel,no pain,84.0,25.5,65.5,14.0,65
ActorCritic+novel,no pain,71.0,47.5,65.0,30.0,22
ActorCritic+novel,no pain,84.0,70.0,46.5,10.0,28
ActorCritic+novel,no pain,84.5,59.0,30.5,13.5,68
ActorCritic+novel,no pain,84.5,34.0,75.0,21.5,19
ActorCritic+novel,no pain,97.5,60.0,30.0,9.0,52
ActorCritic+novel,no pain,72.0,70.0,46.5,32.5,10
ActorCritic+novel,no pain,93.0,71.0,40.5,4.5,31
ActorCritic+novel,no pain,92.5,49.0,50.0,13.5,37
ActorCritic+novel,no pain,93.0,59.5,48.0,10.5,28
ActorCritic+novel,no pain,91.0,64.5,28.5,12.0,53
ActorCritic+novel,no pain,90.5,59.5,25.5,6.0,78
ActorCritic+novel,no pain,90.5,61.5,37.0,8.0,51
ActorCritic+novel,no pain,96.0,69.5,44.5,3.5,23
ActorCritic+novel,no pain,83.5,55.5,62.0,16.5,15
ActorCritic+novel,no pain,75.0,40.5,64.5,25.0,37
ActorCritic+novel,no pain,95.0,24.5,69.0,8.0,53
ActorCritic+novel,no pain,50.5,43.5,38.0,54.5,70
ActorCritic+novel,no pain,66.0,45.0,61.0,31.0,41
ActorCritic+novel,no pain,84.5,57.0,25.0,33.0,46
ActorCritic+novel,no pain,97.5,58.0,49.5,5.0,29
ActorCritic+novel,no pain,65.0,56.5,57.5,25.5,37
ActorCritic+novel,no pain,74.5,54.5,48.0,37.0,21
ActorCritic+novel,no pain,94.0,62.5,38.5,4.0,46
ActorCritic+novel,no pain,79.0,24.5,88.5,28.0,11
ActorCritic+novel,no pain,98.0,43.5,51.0,2.5,56
ActorCritic+novel,no pain,89.0,32.5,80.5,19.5,10
ActorCritic+novel,no pain,97.0,61.5,31.0,1.5,62
ActorCritic+novel,no pain,85.0,69.5,38.0,16.0,32
ActorCritic+novel,no pain,86.0,48.5,67.0,15.0,18
ActorCritic+novel,no pain,70.0,43.0,77.0,0.5,64
ActorCritic+novel,no pain,97.5,67.5,45.5,2.5,23
ActorCritic+novel,no pain,85.0,52.5,60.0,16.0,22
ActorCritic+novel,no pain,94.0,56.0,43.0,8.5,44
ActorCritic+novel,no pain,99.0,51.0,19.5,39.0,32
ActorCritic+novel,no pain,82.5,46.0,50.0,18.0,52
ActorCritic+novel,no pain,95.5,39.5,70.5,8.0,23
ActorCritic+novel,no pain,83.5,60.0,56.0,22.0,9
ActorCritic+novel,no pain,97.5,63.0,40.5,3.5,37
ActorCritic+novel,no pain,95.0,55.5,57.0,2.0,31
ActorCritic+novel,no pain,99.0,63.0,27.5,13.0,41
ActorCritic+novel,no pain,86.0,55.5,34.0,25.0,46
ActorCritic+novel,no pain,90.0,61.0,50.5,13.5,21
Relative+novel,no pain,95.5,67.0,50.5,10.0,6
Relative+novel,no pain,90.0,65.0,40.5,2.0,51
Relative+novel,no pain,99.0,65.5,31.0,0.0,55
Relative+novel,no pain,89.0,49.0,68.5,11.5,15
Relative+novel,no pain,100.0,47.0,43.0,0.0,65
Relative+novel,no pain,97.0,69.0,45.0,2.0,23
Relative+novel,no pain,94.0,60.5,52.0,11.0,15
Relative+novel,no pain,70.0,24.5,67.5,35.5,52
Relative+novel,no pain,90.0,67.5,47.0,22.0,0
Relative+novel,no pain,93.0,67.5,45.5,8.5,21
Relative+novel,no pain,97.0,25.5,71.0,4.5,50
Relative+novel,no pain,56.5,50.0,37.5,27.5,95
Relative+novel,no pain,94.0,62.0,31.5,16.5,39
Relative+novel,no pain,98.5,65.0,46.5,1.5,27
Relative+novel,no pain,52.5,51.0,50.5,44.0,51
Relative+novel,no pain,85.5,62.0,51.5,17.5,17
Relative+novel,no pain,66.0,56.0,53.5,24.0,47
Relative+novel,no pain,77.5,72.0,49.5,20.0,13
Relative+novel,no pain,97.0,43.0,46.5,12.0,48
Relative+novel,no pain,86.5,65.0,51.0,20.0,8
Relative+novel,no pain,98.0,66.5,30.5,2.5,50
Relative+novel,no pain,95.5,63.5,45.5,5.5,29
Relative+novel,no pain,94.5,49.0,58.0,8.0,30
Relative+novel,no pain,86.0,23.5,74.0,9.5,59
Relative+novel,no pain,96.5,46.0,54.0,11.0,33
Relative+novel,no pain,89.0,61.0,52.5,16.5,13
Relative+novel,no pain,76.0,68.0,51.5,20.0,20
Relative+novel,no pain,90.0,56.0,38.5,4.0,66
Relative+novel,no pain,60.0,24.0,62.0,33.5,82
Relative+novel,no pain,51.5,38.0,64.0,38.5,60
Relative+novel,no pain,84.5,30.0,71.0,13.0,50
Relative+novel,no pain,99.0,68.0,32.5,2.0,43
Relative+novel,no pain,97.5,62.0,33.5,2.5,55
Relative+novel,no pain,90.5,29.0,77.0,22.0,14
Relative+novel,no pain,98.0,67.0,32.5,3.5,45
Relative+novel,no pain,93.0,66.0,51.5,11.5,8
Relative+novel,no pain,78.0,22.5,75.0,36.5,25
Relative+novel,no pain,79.5,53.5,49.5,28.0,27
Relative+novel,no pain,84.5,56.5,34.0,8.0,77
Relative+novel,no pain,87.0,34.0,77.0,27.0,3
Relative+novel,no pain,97.5,66.5,32.0,3.5,45
Relative+novel,no pain,94.5,37.5,71.0,8.0,27
Relative+novel,no pain,71.0,77.0,52.5,2.5,41
Relative+novel,no pain,59.5,49.5,84.5,3.5,52
Relative+novel,no pain,91.0,49.5,32.0,8.0,80
Relative+novel,no pain,84.5,39.0,73.0,11.0,31
Relative+novel,no pain,92.5,60.0,26.5,15.5,56
Relative+novel,no pain,81.5,29.5,77.5,20.0,30
Relative+novel,no pain,96.0,49.5,55.5,2.0,41
Relative+novel,no pain,95.0,70.0,47.0,4.5,18
Relative+novel,no pain,80.5,42.0,63.5,29.5,19
Relative+novel,no pain,77.5,53.0,40.0,36.0,35
Relative+novel,no pain,93.0,63.0,53.0,16.0,3
Relative+novel,no pain,98.0,62.0,36.5,8.5,37
Relative+novel,no pain,100.0,60.5,52.0,8.0,12
Relative+novel,no pain,93.0,36.0,73.5,1.5,40
Relative+novel,no pain,98.0,61.5,52.0,1.0,25
Relative+novel,no pain,100.0,60.0,38.0,0.5,50
Relative+novel,no pain,99.0,67.0,28.5,1.5,54
Relative+novel,no pain,99.0,59.0,36.5,6.0,45
Relative+novel,no pain,92.5,45.5,60.5,4.0,42
Relative+novel,no pain,99.0,68.0,44.0,1.5,26
Relative+novel,no pain,90.5,48.0,56.0,6.0,45
Relative+novel,no pain,93.5,58.0,56.0,2.5,29
Relative+novel,no pain,100.0,67.5,33.5,0.5,45
Relative+novel,no pain,91.0,26.5,58.0,14.5,63
Relative+novel,no pain,71.5,50.5,58.5,37.5,14
Relative+novel,no pain,91.0,72.0,48.0,2.0,26
Relative+novel,no pain,59.5,69.5,60.5,6.0,55
Relative+novel,no pain,79.0,63.0,56.0,24.5,8
Relative+novel,no pain,95.5,69.5,33.5,2.0,46
Relative+novel,no pain,90.0,67.0,44.5,18.5,10
Relative+novel,no pain,97.0,66.0,39.5,2.5,37
Relative+novel,no pain,91.0,46.0,56.0,11.0,40
Relative+novel,no pain,95.0,62.5,42.0,10.0,31
Relative+novel,no pain,95.0,65.0,43.5,1.0,39
Relative+novel,no pain,87.5,65.0,25.0,3.5,79
Relative+novel,no pain,91.5,52.0,33.5,17.0,58
Relative+novel,no pain,99.0,68.5,41.5,4.0,23
Relative+novel,no pain,58.0,47.5,67.5,41.0,23
Relative+novel,no pain,69.5,39.0,71.5,24.0,40
Relative+novel,no pain,89.0,27.0,76.5,3.0,55
Relative+novel,no pain,75.5,17.0,43.0,44.5,83
Relative+novel,no pain,72.5,50.0,46.0,31.0,47
Relative+novel,no pain,89.0,53.0,40.5,15.0,51
Relative+novel,no pain,100.0,51.5,55.5,3.0,30
Relative+novel,no pain,74.5,38.0,58.0,34.5,38
Relative+novel,no pain,56.0,53.0,50.5,48.0,33
Relative+novel,no pain,96.0,58.5,35.5,14.5,39
Relative+novel,no pain,83.5,38.5,78.5,25.0,2
Relative+novel,no pain,93.5,58.5,39.5,5.5,52
Relative+novel,no pain,91.5,35.5,79.0,15.5,8
Relative+novel,no pain,98.0,62.0,31.5,0.0,62
Relative+novel,no pain,87.5,65.0,47.5,9.5,30
Relative+novel,no pain,95.0,35.5,69.0,7.0,34
Relative+novel,no pain,87.0,25.0,70.0,10.5,59
Relative+novel,no pain,96.5,71.5,43.5,2.0,22
Relative+novel,no pain,85.0,60.0,55.0,16.0,18
Relative+novel,no pain,96.5,51.0,35.5,14.5,51
Relative+novel,no pain,100.0,47.0,54.5,2.5,40
Relative+novel,no pain,88.0,52.5,51.0,15.0,35
Relative+novel,no pain,97.0,45.0,69.5,11.5,6
Relative+novel,no pain,82.5,58.0,60.5,23.5,4
Relative+novel,no pain,97.0,57.0,37.0,18.0,30
Relative+novel,no pain,97.5,58.5,50.0,3.5,30
Relative+novel,no pain,100.0,69.5,28.5,6.5,39
Relative+novel,no pain,95.5,51.0,36.5,14.0,51
Relative+novel,no pain,91.5,64.0,46.5,12.5,21
wRelative+novel,no pain,96.0,68.5,48.5,4.5,15
wRelative+novel,no pain,86.5,73.5,30.5,5.5,54
wRelative+novel,no pain,99.0,67.5,33.0,0.0,48
wRelative+novel,no pain,94.0,31.5,69.5,14.5,29
wRelative+novel,no pain,100.0,49.5,40.0,0.0,66
wRelative+novel,no pain,97.0,71.5,43.5,2.0,21
wRelative+novel,no pain,94.0,65.0,46.5,8.0,21
wRelative+novel,no pain,79.5,39.0,58.0,20.5,53
wRelative+novel,no pain,95.5,68.5,40.0,22.5,0
wRelative+novel,no pain,93.0,72.5,37.5,10.0,22
wRelative+novel,no pain,96.5,26.0,67.0,5.0,56
wRelative+novel,no pain,75.0,52.5,28.0,24.5,81
wRelative+novel,no pain,93.5,63.5,31.0,13.5,44
wRelative+novel,no pain,100.0,63.5,48.0,0.5,27
wRelative+novel,no pain,70.0,49.0,46.0,36.0,44
wRelative+novel,no pain,86.0,61.0,40.0,30.5,16
wRelative+novel,no pain,73.0,45.0,55.0,28.5,45
wRelative+novel,no pain,90.0,71.0,39.0,21.5,9
wRelative+novel,no pain,96.0,48.5,44.5,9.5,47
wRelative+novel,no pain,82.5,61.0,57.0,19.0,12
wRelative+novel,no pain,96.5,69.5,30.0,4.5,46
wRelative+novel,no pain,95.5,72.0,38.5,2.5,33
wRelative+novel,no pain,92.0,56.5,53.5,10.0,25
wRelative+novel,no pain,80.5,21.5,72.5,11.0,71
wRelative+novel,no pain,87.0,52.5,58.0,6.0,40
wRelative+novel,no pain,89.5,56.0,51.5,20.5,16
wRelative+novel,no pain,76.0,69.0,47.0,21.5,22
wRelative+novel,no pain,92.5,63.0,37.0,1.5,58
wRelative+novel,no pain,51.0,40.0,48.5,38.5,85
wRelative+novel,no pain,56.5,31.5,61.0,44.0,58
wRelative+novel,no pain,81.0,30.5,72.5,14.5,50
wRelative+novel,no pain,98.0,69.5,32.5,2.0,42
wRelative+novel,no pain,96.5,68.0,34.0,1.0,47
wRelative+novel,no pain,83.5,22.5,80.0,30.5,17
wRelative+novel,no pain,96.0,71.0,32.5,2.0,43
wRelative+novel,no pain,92.5,60.5,56.5,14.5,4
wRelative+novel,no pain,76.5,33.5,81.5,19.5,27
wRelative+novel,no pain,86.0,46.5,49.0,29.0,28
wRelative+novel,no pain,90.0,53.0,38.5,5.0,69
wRelative+novel,no pain,96.0,41.0,66.5,22.0,2
wRelative+novel,no pain,100.0,65.0,32.5,3.0,46
wRelative+novel,no pain,95.0,41.0,67.5,8.5,25
wRelative+novel,no pain,51.5,94.5,52.5,8.5,34
wRelative+novel,no pain,81.0,56.0,70.5,1.5,30
wRelative+novel,no pain,95.0,50.5,30.0,5.5,81
wRelative+novel,no pain,88.0,41.0,69.0,12.5,27
wRelative+novel,no pain,96.5,56.5,25.0,10.5,66
wRelative+novel,no pain,96.5,31.0,57.5,21.0,36
wRelative+novel,no pain,97.5,58.0,48.0,1.0,39
wRelative+novel,no pain,93.5,72.5,43.0,8.0,17
wRelative+novel,no pain,83.5,50.0,62.5,20.0,18
wRelative+novel,no pain,47.0,53.5,45.0,46.0,61
wRelative+novel,no pain,91.0,69.0,46.0,18.0,4
wRelative+novel,no pain,97.0,66.5,29.0,8.5,45
wRelative+novel,no pain,100.0,64.0,46.5,9.5,12
wRelative+novel,no pain,87.5,33.5,79.0,5.5,37
wRelative+novel,no pain,95.5,59.0,58.5,0.5,23
wRelative+novel,no pain,100.0,61.5,39.0,1.0,45
wRelative+novel,no pain,97.5,71.5,28.0,1.5,48
wRelative+novel,no pain,99.0,59.0,31.5,4.0,57
wRelative+novel,no pain,94.5,43.5,60.5,8.0,36
wRelative+novel,no pain,99.0,70.0,40.0,2.0,28
wRelative+novel,no pain,85.5,43.0,60.5,12.5,43
wRelative+novel,no pain,97.5,56.0,54.0,1.5,32
wRelative+novel,no pain,100.0,67.5,31.0,1.5,47
wRelative+novel,no pain,89.0,25.0,64.5,12.5,62
wRelative+novel,no pain,73.0,59.0,40.5,41.5,21
wRelative+novel,no pain,93.5,75.5,34.5,6.0,29
wRelative+novel,no pain,97.0,45.5,45.5,3.0,62
wRelative+novel,no pain,80.5,54.5,62.5,23.0,11
wRelative+novel,no pain,97.5,68.5,27.0,5.0,50
wRelative+novel,no pain,84.0,75.5,41.5,19.5,10
wRelative+novel,no pain,96.5,71.0,41.5,2.0,28
wRelative+novel,no pain,89.5,40.0,64.5,12.5,35
wRelative+novel,no pain,98.0,61.0,41.0,9.0,30
wRelative+novel,no pain,94.0,67.5,37.5,2.5,43
wRelative+novel,no pain,88.5,62.5,29.5,2.5,77
wRelative+novel,no pain,87.0,58.5,43.5,9.0,50
wRelative+novel,no pain,100.0,66.0,42.5,3.5,26
wRelative+novel,no pain,91.5,42.5,53.0,26.0,23
wRelative+novel,no pain,80.0,46.0,63.5,20.0,29
wRelative+novel,no pain,89.0,26.0,76.0,2.0,58
wRelative+novel,no pain,73.5,16.5,48.5,42.0,81
wRelative+novel,no pain,69.5,51.0,45.5,35.0,44
wRelative+novel,no pain,86.5,62.0,33.5,16.0,51
wRelative+novel,no pain,99.0,47.0,58.5,0.5,38
wRelative+novel,no pain,97.5,69.5,30.5,2.0,46
wRelative+novel,no pain,63.0,60.5,48.0,38.5,28
wRelative+novel,no pain,99.0,64.0,31.5,8.5,42
wRelative+novel,no pain,92.5,41.0,58.0,27.5,13
wRelative+novel,no pain,93.5,57.5,39.0,8.0,51
wRelative+novel,no pain,95.0,38.5,74.5,16.5,4
wRelative+novel,no pain,97.0,62.5,26.5,2.5,66
wRelative+novel,no pain,83.0,71.0,37.0,15.0,36
wRelative+novel,no pain,97.0,40.5,61.0,12.5,27
wRelative+novel,no pain,86.5,29.5,69.0,7.5,60
wRelative+novel,no pain,97.5,68.5,44.0,2.5,25
wRelative+novel,no pain,87.5,65.0,54.0,9.5,18
wRelative+novel,no pain,97.0,35.0,42.0,29.5,40
wRelative+novel,no pain,99.0,47.5,59.0,2.5,32
wRelative+novel,no pain,81.5,48.5,54.5,21.0,36
wRelative+novel,no pain,93.0,51.0,66.0,10.0,11
wRelative+novel,no pain,81.5,58.5,58.0,24.5,7
wRelative+novel,no pain,97.5,68.0,39.0,3.0,33
wRelative+novel,no pain,96.0,58.5,56.0,1.0,27
wRelative+novel,no pain,98.0,70.5,28.5,7.0,39
wRelative+novel,no pain,89.0,54.0,36.5,14.5,57
wRelative+novel,no pain,94.0,56.0,50.0,13.5,22
Hybrid2012+novel,no pain,92.0,76.0,45.0,8.5,9
Hybrid2012+novel,no pain,89.0,57.5,40.5,5.0,59
Hybrid2012+novel,no pain,98.5,60.5,30.5,0.0,65
Hybrid2012+novel,no pain,93.0,51.0,64.5,12.0,11
Hybrid2012+novel,no pain,100.0,46.5,42.0,0.0,68
Hybrid2012+novel,no pain,99.0,58.5,49.5,4.0,27
Hybrid2012+novel,no pain,86.5,69.5,49.5,4.0,29
Hybrid2012+novel,no pain,70.5,42.0,60.0,27.0,47
Hybrid2012+novel,no pain,95.0,66.5,45.0,18.5,3
Hybrid2012+novel,no pain,96.5,68.0,40.0,10.0,20
Hybrid2012+novel,no pain,95.0,29.0,68.0,4.5,51
Hybrid2012+novel,no pain,62.5,45.5,43.0,24.0,90
Hybrid2012+novel,no pain,91.0,64.5,28.0,16.5,47
Hybrid2012+novel,no pain,99.0,59.5,52.0,0.0,29
Hybrid2012+novel,no pain,61.0,60.0,43.0,36.5,45
Hybrid2012+novel,no pain,90.0,62.5,54.5,8.5,19
Hybrid2012+novel,no pain,77.0,55.5,51.5,21.0,38
Hybrid2012+novel,no pain,76.0,75.5,51.0,21.5,6
Hybrid2012+novel,no pain,96.0,56.5,46.5,2.0,45
Hybrid2012+novel,no pain,84.5,66.0,51.0,17.0,12
Hybrid2012+novel,no pain,97.0,68.0,26.5,6.0,51
Hybrid2012+novel,no pain,93.0,65.0,49.0,1.5,32
Hybrid2012+novel,no pain,92.0,55.5,42.0,25.0,20
Hybrid2012+novel,no pain,83.5,21.0,70.5,15.0,64
Hybrid2012+novel,no pain,85.5,65.0,57.0,2.0,30
Hybrid2012+novel,no pain,89.5,57.5,51.0,19.5,16
Hybrid2012+novel,no pain,86.0,60.0,41.0,27.0,21
Hybrid2012+novel,no pain,91.0,56.5,28.5,12.5,66
Hybrid2012+novel,no pain,58.5,39.5,54.5,34.5,68
Hybrid2012+novel,no pain,67.0,44.0,50.5,33.0,56
Hybrid2012+novel,no pain,79.5,31.0,75.0,15.0,45
Hybrid2012+novel,no pain,100.0,69.5,28.5,2.5,46
Hybrid2012+novel,no pain,98.0,57.5,35.0,1.0,61
Hybrid2012+novel,no pain,97.0,32.0,59.0,30.0,15
Hybrid2012+novel,no pain,99.0,67.5,40.0,0.0,36
Hybrid2012+novel,no pain,85.0,67.5,50.5,19.0,7
Hybrid2012+novel,no pain,86.0,34.0,67.5,24.5,26
Hybrid2012+novel,no pain,83.0,43.0,47.5,33.5,34
Hybrid2012+novel,no pain,88.5,49.0,38.5,8.0,75
Hybrid2012+novel,no pain,99.0,65.0,46.5,13.5,5
Hybrid2012+novel,no pain,98.0,66.5,33.0,2.0,45
Hybrid2012+novel,no pain,96.0,43.5,66.0,8.5,21
Hybrid2012+novel,no pain,77.5,65.0,52.5,4.5,47
Hybrid2012+novel,no pain,64.5,51.0,82.0,6.0,39
Hybrid2012+novel,no pain,94.5,53.5,31.0,2.5,79
Hybrid2012+novel,no pain,91.0,40.5,68.0,12.0,26
Hybrid2012+novel,no pain,95.5,60.0,21.5,19.5,53
Hybrid2012+novel,no pain,93.0,34.0,64.5,16.0,33
Hybrid2012+novel,no pain,99.0,59.5,47.5,0.0,36
Hybrid2012+novel,no pain,88.5,74.0,44.0,6.0,23
Hybrid2012+novel,no pain,87.5,58.5,55.5,13.0,20
Hybrid2012+novel,no pain,89.0,50.5,30.0,28.0,48
Hybrid2012+novel,no pain,96.5,59.5,54.5,12.0,7
Hybrid2012+novel,no pain,99.0,61.5,32.5,12.5,36
Hybrid2012+novel,no pain,100.0,63.5,47.5,8.5,13
Hybrid2012+novel,no pain,95.0,29.0,64.5,12.0,44
Hybrid2012+novel,no pain,76.5,71.5,63.5,0.0,27
Hybrid2012+novel,no pain,99.0,57.5,42.5,0.5,47
Hybrid2012+novel,no pain,99.0,68.5,31.5,0.0,48
Hybrid2012+novel,no pain,97.5,64.0,31.5,5.5,48
Hybrid2012+novel,no pain,93.0,43.0,63.0,9.0,32
Hybrid2012+novel,no pain,93.5,69.0,48.0,0.5,27
Hybrid2012+novel,no pain,92.0,48.5,40.5,22.0,40
Hybrid2012+novel,no pain,97.5,56.0,52.5,1.5,33
Hybrid2012+novel,no pain,98.5,69.0,32.5,0.5,45
Hybrid2012+novel,no pain,87.5,31.5,61.0,10.0,63
Hybrid2012+novel,no pain,63.5,59.0,63.0,27.5,23
Hybrid2012+novel,no pain,91.5,77.5,41.5,3.0,22
Hybrid2012+novel,no pain,66.0,69.5,51.0,7.0,57
Hybrid2012+novel,no pain,83.0,62.0,58.5,17.5,10
Hybrid2012+novel,no pain,97.5,69.0,31.0,2.5,46
Hybrid2012+novel,no pain,89.0,69.5,42.0,17.5,16
Hybrid2012+novel,no pain,97.0,64.5,44.5,2.5,31
Hybrid2012+novel,no pain,91.0,38.5,58.5,13.5,43
Hybrid2012+novel,no pain,96.5,60.0,40.5,11.0,33
Hybrid2012+novel,no pain,96.5,65.0,40.0,1.0,42
Hybrid2012+novel,no pain,89.5,59.5,27.5,4.0,80
Hybrid2012+novel,no pain,97.0,57.5,28.5,11.5,55
Hybrid2012+novel,no pain,100.0,66.5,42.5,1.0,30
Hybrid2012+novel,no pain,87.0,54.5,55.5,17.5,21
Hybrid2012+novel,no pain,78.0,54.5,52.5,25.5,28
Hybrid2012+novel,no pain,92.0,44.0,62.5,0.5,47
Hybrid2012+novel,no pain,80.5,17.5,46.0,31.5,89
Hybrid2012+novel,no pain,64.5,56.5,49.5,33.0,40
Hybrid2012+novel,no pain,88.5,63.5,34.0,13.0,48
Hybrid2012+novel,no pain,100.0,61.0,48.0,3.0,26
Hybrid2012+novel,no pain,97.5,69.0,34.5,2.0,40
Hybrid2012+novel,no pain,78.0,47.5,42.5,43.0,27
Hybrid2012+novel,no pain,97.5,61.5,41.0,5.0,37
Hybrid2012+novel,no pain,90.0,52.5,68.5,12.0,6
Hybrid2012+novel,no pain,95.5,53.5,43.0,2.0,58
Hybrid2012+novel,no pain,90.5,36.5,78.5,17.5,6
Hybrid2012+novel,no pain,97.0,65.0,26.5,2.5,62
Hybrid2012+novel,no pain,81.0,67.5,45.0,12.5,35
Hybrid2012+novel,no pain,92.5,38.5,65.0,21.5,16
Hybrid2012+novel,no pain,85.0,30.0,66.5,8.0,65
Hybrid2012+novel,no pain,95.5,71.5,40.5,9.0,17
Hybrid2012+novel,no pain,86.5,61.0,61.5,8.0,17
Hybrid2012+novel,no pain,96.5,51.0,38.0,13.0,48
Hybrid2012+novel,no pain,95.0,48.0,60.0,1.5,39
Hybrid2012+novel,no pain,79.5,53.5,52.5,17.5,41
Hybrid2012+novel,no pain,94.5,48.5,67.5,10.5,11
Hybrid2012+novel,no pain,87.5,50.0,59.5,26.0,6
Hybrid2012+novel,no pain,98.0,67.0,43.0,2.0,29
Hybrid2012+novel,no pain,93.0,60.5,54.5,2.0,29
Hybrid2012+novel,no pain,100.0,71.0,26.0,4.0,45
Hybrid2012+novel,no pain,89.5,59.5,30.5,14.0,58
Hybrid2012+novel,no pain,92.0,56.5,51.0,12.5,26
